{
  "train_loss": [
    1.0684866605269985,
    0.7263006211533498,
    0.5821682644087783,
    0.49068057191624154,
    0.46959120802848625,
    0.4455598738616831,
    0.4302808175749371,
    0.42010959771760803,
    0.41308161495690404,
    0.3987044317796895,
    0.41364024841357727,
    0.3973665449908817,
    0.4028163499369354,
    0.3982833717652385,
    0.39491074970257645,
    0.3929472855449052,
    0.40661050567083,
    0.38513367509995455,
    0.38530742376357346,
    0.38202895562694833,
    0.3862903721856764,
    0.375402217407016,
    0.3862311667330022,
    0.3809846760542325,
    0.38055333533523933,
    0.3756506068232746,
    0.3831347774614845
  ],
  "val_loss": [
    0.9533424576123556,
    0.7238654096921285,
    0.5873584349950155,
    0.5163050293922424,
    0.47803257902463275,
    0.4677937527497609,
    0.45600231488545734,
    0.4472890595595042,
    0.44393056631088257,
    0.4425300061702728,
    0.4456593592961629,
    0.43159013986587524,
    0.4305436909198761,
    0.4343097309271495,
    0.43291494250297546,
    0.4323497811953227,
    0.42911019921302795,
    0.4352213442325592,
    0.43416641155878705,
    0.42992692192395526,
    0.4349349041779836,
    0.43537870049476624,
    0.4340248803297679,
    0.43041858077049255,
    0.4306832154591878,
    0.43315720558166504,
    0.43315107623736065
  ],
  "val_acc": [
    0.6458333333333334,
    0.8177083333333334,
    0.8645833333333334,
    0.8489583333333334,
    0.8385416666666666,
    0.84375,
    0.84375,
    0.8333333333333334,
    0.8489583333333334,
    0.8385416666666666,
    0.8385416666666666,
    0.8385416666666666,
    0.8385416666666666,
    0.8541666666666666,
    0.8385416666666666,
    0.84375,
    0.859375,
    0.8489583333333334,
    0.8541666666666666,
    0.84375,
    0.8333333333333334,
    0.8385416666666666,
    0.8385416666666666,
    0.8385416666666666,
    0.8385416666666666,
    0.8385416666666666,
    0.84375
  ]
}