{
  "accuracy": 0.8375,
  "macro_f1": 0.48389269606981783,
  "weighted_f1": 0.8194350180108942,
  "classification_report": {
    "0": {
      "precision": 0.0,
      "recall": 0.0,
      "f1-score": 0.0,
      "support": 13.0
    },
    "1": {
      "precision": 0.8812949640287769,
      "recall": 0.928030303030303,
      "f1-score": 0.9040590405904059,
      "support": 264.0
    },
    "2": {
      "precision": 0.5609756097560976,
      "recall": 0.5348837209302325,
      "f1-score": 0.5476190476190477,
      "support": 43.0
    },
    "accuracy": 0.8375,
    "macro avg": {
      "precision": 0.4807568579282915,
      "recall": 0.48763800798684515,
      "f1-score": 0.48389269606981783,
      "support": 320.0
    },
    "weighted avg": {
      "precision": 0.8024494428847166,
      "recall": 0.8375,
      "f1-score": 0.8194350180108942,
      "support": 320.0
    }
  }
}